clave,hablante,voz_elevenlabs,id_o_enlace_de_voz,texto_enviado,ajustes,toma_elegida,duracion_s,estado,notas,archivo
EVT_LIAM_CRYSTAL_01,Liam,"Pablo - Deep, Confident and Clear",,Y ese es el chico de corazón puro que abrirá el Sendero.,"estab 50, simil 75, velocidad 1.10, Eleven v4",1,3.32,ok,,audio/6_Liam_bola_de_cristal/EVT_LIAM_CRYSTAL_01.mp3
EVT_LIAM_CRYSTAL_02,Liam,"Pablo - Deep, Confident and Clear",,Me alegra que ese demonio haya despertado su magia.,"estab 50, simil 75, velocidad 1.10, Eleven v4",1,3.08,ok,,audio/6_Liam_bola_de_cristal/EVT_LIAM_CRYSTAL_02.mp3
EVT_LIAM_CRYSTAL_03,Liam,"Pablo - Deep, Confident and Clear",,"[laughs] Ja… ja, ja…","estab 50, simil 75, velocidad 1.10, Eleven v4",1,2.43,revisar,risa; 2 tomas (la 2 en Versiones antiguas). Sin escuchar: Raúl decide,audio/6_Liam_bola_de_cristal/EVT_LIAM_CRYSTAL_03.mp3
EVT_LIAM_CRYSTAL_03,Liam,"Pablo - Deep, Confident and Clear",,"[laughs] Ja… ja, ja…","estab 50, simil 75, velocidad 1.10, Eleven v4",2,3.4,alternativa,toma alternativa; la toma 1 es la elegida por defecto (sin escuchar),audio/Versiones antiguas/EVT_LIAM_CRYSTAL_03_toma2.mp3
EVT_AWAKEN_01,Eldran,Rafael - Expressive and Theatrical,,"[shouts] ¡Will, cuidado!","estab 34, simil 71, velocidad 0.92, Eleven v4",1,1.8,ok,grito de pánico; 2 tomas,audio/4_Despertar_de_la_Estrella/EVT_AWAKEN_01.mp3
EVT_AWAKEN_01,Eldran,Rafael - Expressive and Theatrical,,"[shouts] ¡Will, cuidado!","estab 34, simil 71, velocidad 0.92, Eleven v4",2,1.8,alternativa,toma alternativa,audio/Versiones antiguas/EVT_AWAKEN_01_toma2.mp3
EVT_AWAKEN_06,Eldran,Rafael - Expressive and Theatrical,,"[shouts] ¡Will, apártate!","estab 34, simil 71, velocidad 0.92, Eleven v4",1,2.04,ok,grito de pánico; 2 tomas; texto del CSV 'Will apartate' leído como 'apártate' (erata en el juego),audio/4_Despertar_de_la_Estrella/EVT_AWAKEN_06.mp3
EVT_AWAKEN_06,Eldran,Rafael - Expressive and Theatrical,,"[shouts] ¡Will, apártate!","estab 34, simil 71, velocidad 0.92, Eleven v4",2,2.04,alternativa,toma alternativa,audio/Versiones antiguas/EVT_AWAKEN_06_toma2.mp3
EVT_ELDRAN_AHORA_01,Eldran,Rafael - Expressive and Theatrical,,"[shouts] ¡Ahora, Will! ¡El aro brilla!","estab 34, simil 71, velocidad 0.92, Eleven v4",1,2.93,ok,,audio/5_Demonio/EVT_ELDRAN_AHORA_01.mp3
EVT_ELDRAN_AHORA_02,Eldran,Rafael - Expressive and Theatrical,,[shouts] ¡Brilla! ¡Dispara ya!,"estab 34, simil 71, velocidad 0.92, Eleven v4",1,2.35,ok,,audio/5_Demonio/EVT_ELDRAN_AHORA_02.mp3
EVT_ELDRAN_ACIERTO_01,Eldran,Rafael - Expressive and Theatrical,,[excited] ¡Eso es! ¡Así se le hace daño!,"estab 34, simil 71, velocidad 0.92, Eleven v4",1,2.93,ok,,audio/5_Demonio/EVT_ELDRAN_ACIERTO_01.mp3
EVT_ELDRAN_CHEER_01,Eldran,Rafael - Expressive and Theatrical,,"[excited] ¡Así se hace, Will! ¡Lo tienes!","estab 34, simil 71, velocidad 0.92, Eleven v4",1,2.85,ok,,audio/5_Demonio/EVT_ELDRAN_CHEER_01.mp3
EVT_ELDRAN_CHEER_02,Eldran,Rafael - Expressive and Theatrical,,"[excited] ¡Vamos, muchacho! ¡Sé que puedes!","estab 34, simil 71, velocidad 0.92, Eleven v4",1,2.85,ok,,audio/5_Demonio/EVT_ELDRAN_CHEER_02.mp3
DLG_ELDRAN_MISSION3_INPROGRESS_01,Eldran,Rafael - Expressive and Theatrical,,"[shouts] ¡Ahora no, Will! ¡Atento al aro de su cuello!","estab 34, simil 71, velocidad 0.92, Eleven v4",1,3.63,ok,,audio/5_Demonio/DLG_ELDRAN_MISSION3_INPROGRESS_01.mp3
EVT_10,Eldran,Rafael - Expressive and Theatrical,,[amazed] El ataque del demonio ha despertado tu magia.,"estab 34, simil 71, velocidad 0.92, Eleven v4",1,3.4,ok,,audio/5_Demonio/EVT_10.mp3
EVT_08,Eldran,Rafael - Expressive and Theatrical,,[shouts] ¡Will! Usa tu magia y derrota al demonio.,"estab 34, simil 71, velocidad 0.92, Eleven v4",1,3.71,ok,texto de audio distinto al CSV (CSV: presiona y derrota al demonio) para no mencionar botón,audio/5_Demonio/EVT_08.mp3
EVT_ELDRAN_HINT_ARO,Eldran,Rafael - Expressive and Theatrical,,[urgently] ¡Fíjate en el aro de runas de su cuello! Solo le haces daño cuando brilla.,"estab 34, simil 71, velocidad 0.92, Eleven v4",1,4.52,ok,,audio/5_Demonio/EVT_ELDRAN_HINT_ARO.mp3
EVT_ELDRAN_GUIA_RITMO,Eldran,Rafael - Expressive and Theatrical,,[urgently] Esquiva su ataque y dispara justo después: se queda agotado y el aro sigue brillando.,"estab 34, simil 71, velocidad 0.92, Eleven v4",1,5.56,ok,,audio/5_Demonio/EVT_ELDRAN_GUIA_RITMO.mp3
EVT_ELDRAN_HINT_SIN_ARO,Eldran,Rafael - Expressive and Theatrical,,[urgently] ¡Así no! Sin el aro encendido no le haces nada. ¡Espera a que brille!,"estab 34, simil 71, velocidad 0.92, Eleven v4",1,5.15,ok,,audio/5_Demonio/EVT_ELDRAN_HINT_SIN_ARO.mp3
EVT_ELDRAN_SIN_ARO_02,Eldran,Rafael - Expressive and Theatrical,,[urgently] ¡No le ha hecho nada! Guarda tu magia hasta que brille el aro.,"estab 34, simil 71, velocidad 0.92, Eleven v4",1,4.13,ok,,audio/5_Demonio/EVT_ELDRAN_SIN_ARO_02.mp3
EVT_ELDRAN_WILL_HERIDO,Eldran,Rafael - Expressive and Theatrical,,"[urgently] ¡Cuidado! Si levanta las garras o marca el suelo, apártate y luego contraataca.","estab 34, simil 71, velocidad 0.92, Eleven v4",1,5.49,ok,,audio/5_Demonio/EVT_ELDRAN_WILL_HERIDO.mp3
EVT_ELDRAN_POCA_VIDA,Eldran,Rafael - Expressive and Theatrical,,[worried] ¡Estás herido! Recoge los orbes naranjas que suelta al golpearle.,"estab 34, simil 71, velocidad 0.92, Eleven v4",1,4.52,ok,,audio/5_Demonio/EVT_ELDRAN_POCA_VIDA.mp3
EVT_ELDRAN_FASE_2,Eldran,Rafael - Expressive and Theatrical,,[alarmed] ¡Se ha enfurecido! Ahora también lanza fuego de lejos: ¡no te quedes quieto!,"estab 34, simil 71, velocidad 0.92, Eleven v4",1,5.64,ok,,audio/5_Demonio/EVT_ELDRAN_FASE_2.mp3
EVT_ELDRAN_HINT_ORBES,Eldran,Rafael - Expressive and Theatrical,,[excited] ¡Suelta orbes cuando le aciertas! Los naranjas te curan y los azules te dan magia. ¡Recógelos!,"estab 34, simil 71, velocidad 0.92, Eleven v4",1,6.84,ok,,audio/5_Demonio/EVT_ELDRAN_HINT_ORBES.mp3
EVT_ELDRAN_FASE_3,Eldran,Rafael - Expressive and Theatrical,,[excited] ¡Está desesperado! Mira las sombras del suelo: ¡de ahí caerá su magia!,"estab 34, simil 71, velocidad 0.92, Eleven v4",1,5.41,ok,,audio/5_Demonio/EVT_ELDRAN_FASE_3.mp3
EVT_ELDRAN_CASI,Eldran,Rafael - Expressive and Theatrical,,"[excited] ¡Ya casi es tuyo! ¡Un último esfuerzo, Will!","estab 34, simil 71, velocidad 0.92, Eleven v4",1,3.47,ok,,audio/5_Demonio/EVT_ELDRAN_CASI.mp3
EVT_ELDRAN_RECUERDA_ARO,Eldran,Rafael - Expressive and Theatrical,,[urgently] No malgastes tu magia: espera a que brille el aro.,"estab 34, simil 71, velocidad 0.92, Eleven v4",1,3.55,ok,,audio/5_Demonio/EVT_ELDRAN_RECUERDA_ARO.mp3
HOOK_DISCUSION_01,Eldran,Rafael - Expressive and Theatrical,,"[shouts] ¡Victoria, no pongas las manzanas encima de las peras!","estab 34, simil 71, velocidad 0.92, Eleven v4",1,4.52,ok,,audio/2_Manana_de_Will/HOOK_DISCUSION_01.mp3
HOOK_DISCUSION_03,Eldran,Rafael - Expressive and Theatrical,,[annoyed] ¡Si esta mañana había dos!,"estab 34, simil 71, velocidad 0.92, Eleven v4",1,2.12,ok,,audio/2_Manana_de_Will/HOOK_DISCUSION_03.mp3
PERAS_01,Eldran,Rafael - Expressive and Theatrical,,[worried] ¿Y las peras? ¿Están bien?,"estab 34, simil 71, velocidad 0.92, Eleven v4",1,2.51,ok,,audio/2_Manana_de_Will/PERAS_01.mp3
PERAS_03,Eldran,Rafael - Expressive and Theatrical,,[chuckles] …Vale. Siguen enteras.,"estab 34, simil 71, velocidad 0.92, Eleven v4",1,3.4,ok,,audio/2_Manana_de_Will/PERAS_03.mp3
PERAS_05,Eldran,Rafael - Expressive and Theatrical,,¡Will! Perdona el follón. Ya sabes cómo nos ponemos con la fruta.,"estab 34, simil 71, velocidad 0.92, Eleven v4",1,4.91,ok,,audio/2_Manana_de_Will/PERAS_05.mp3
DLG_ELDRAN_CAJA_LLAMADA,Eldran,Rafael - Expressive and Theatrical,,[shouts] ¡Will! ¡Espera!,"estab 34, simil 71, velocidad 0.92, Eleven v4",1,1.96,ok,,audio/3_Eldran_y_la_caja/DLG_ELDRAN_CAJA_LLAMADA.mp3
EVT_ELDRAN_GUIA_LLAMADA,Eldran,Rafael - Expressive and Theatrical,,"[shouts] ¡Por aquí, Will!","estab 34, simil 71, velocidad 0.92, Eleven v4",1,1.88,ok,,audio/3_Eldran_y_la_caja/EVT_ELDRAN_GUIA_LLAMADA.mp3
DLG_ELDRAN_SAVEPOINT_01,Eldran,Rafael - Expressive and Theatrical,,"Esto es un Punto de Guardado, Will.","estab 34, simil 71, velocidad 0.92, Eleven v4",1,2.69,ok,,audio/3_Eldran_y_la_caja/DLG_ELDRAN_SAVEPOINT_01.mp3
DLG_ELDRAN_SAVEPOINT_02,Eldran,Rafael - Expressive and Theatrical,,"Aquí podrás guardar tu partida y descansar para recuperar fuerzas, así que no dudes en usarlo cuando lo necesites.","estab 34, simil 71, velocidad 0.92, Eleven v4",1,7.89,ok,,audio/3_Eldran_y_la_caja/DLG_ELDRAN_SAVEPOINT_02.mp3
DLG_ELDRAN_SAVEPOINT_04,Eldran,Rafael - Expressive and Theatrical,,"Venga, sigamos, que ya queda poco.","estab 34, simil 71, velocidad 0.92, Eleven v4",1,2.85,ok,,audio/3_Eldran_y_la_caja/DLG_ELDRAN_SAVEPOINT_04.mp3
DLG_ELDRAN_CHARLA_VICTORIA_02,Eldran,Rafael - Expressive and Theatrical,,En el bosque. La dejé allí esta mañana.,"estab 34, simil 71, velocidad 0.92, Eleven v4",1,3.32,ok,,audio/3_Eldran_y_la_caja/DLG_ELDRAN_CHARLA_VICTORIA_02.mp3
DLG_ELDRAN_CHARLA_ESTRELLA_01,Eldran,Rafael - Expressive and Theatrical,,¿Y en qué te has gastado la moneda?,"estab 34, simil 71, velocidad 0.92, Eleven v4",1,2.35,ok,,audio/3_Eldran_y_la_caja/DLG_ELDRAN_CHARLA_ESTRELLA_01.mp3
DLG_ELDRAN_CHARLA_ESTRELLA_03,Eldran,Rafael - Expressive and Theatrical,,Entonces es perfecta.,"estab 34, simil 71, velocidad 0.92, Eleven v4",1,2.27,ok,,audio/3_Eldran_y_la_caja/DLG_ELDRAN_CHARLA_ESTRELLA_03.mp3
DLG_ELDRAN_CAJA_02,Eldran,Rafael - Expressive and Theatrical,,"Ahí dentro está la caja, con las manzanas. ¿Puedes ir a por ella?","estab 34, simil 71, velocidad 0.92, Eleven v4",1,4.6,ok,,audio/3_Eldran_y_la_caja/DLG_ELDRAN_CAJA_02.mp3
DLG_ELDRAN_CAJA_04,Eldran,Rafael - Expressive and Theatrical,,"Al pie de un fresno, junto al camino. Te espero aquí.","estab 34, simil 71, velocidad 0.92, Eleven v4",1,4.05,ok,,audio/3_Eldran_y_la_caja/DLG_ELDRAN_CAJA_04.mp3
DLG_ELDRAN_SIGUEME_INPROGRESS_01,Eldran,Rafael - Expressive and Theatrical,,"No te quedes atrás, Will. Ya casi estamos.","estab 34, simil 71, velocidad 0.92, Eleven v4",1,3.4,ok,,audio/3_Eldran_y_la_caja/DLG_ELDRAN_SIGUEME_INPROGRESS_01.mp3
DLG_ELDRAN_WILL_MISSION1_INPROGRESS_01,Eldran,Rafael - Expressive and Theatrical,,"¿Todavía no te la has gastado? Una tontería, Will, lo que tú quieras.","estab 34, simil 71, velocidad 0.92, Eleven v4",1,5.33,ok,,audio/3_Eldran_y_la_caja/DLG_ELDRAN_WILL_MISSION1_INPROGRESS_01.mp3
DLG_ELDRAN_WILL_MISSION1_INPROGRESS_02,Eldran,Rafael - Expressive and Theatrical,,Date una vuelta por los puestos del mercado; seguro que algo te llama.,"estab 34, simil 71, velocidad 0.92, Eleven v4",1,4.75,ok,,audio/3_Eldran_y_la_caja/DLG_ELDRAN_WILL_MISSION1_INPROGRESS_02.mp3
DLG_ELDRAN_MISSION2_INPROGRESS_01,Eldran,Rafael - Expressive and Theatrical,,La caja está al pie de un fresno.,"estab 34, simil 71, velocidad 0.92, Eleven v4",1,2.85,ok,,audio/3_Eldran_y_la_caja/DLG_ELDRAN_MISSION2_INPROGRESS_01.mp3
DLG_ELDRAN_MISSION2_INPROGRESS_02,Eldran,Rafael - Expressive and Theatrical,,Sigue el camino; no debe andar lejos.,"estab 34, simil 71, velocidad 0.92, Eleven v4",1,3.08,ok,,audio/3_Eldran_y_la_caja/DLG_ELDRAN_MISSION2_INPROGRESS_02.mp3
DLG_ELDRAN_MISSION2_TURNIN_01,Eldran,Rafael - Expressive and Theatrical,,[happily] ¡Perfecto! Has traído las manzanas sanas y salvas.,"estab 34, simil 71, velocidad 0.92, Eleven v4",1,4.05,ok,,audio/3_Eldran_y_la_caja/DLG_ELDRAN_MISSION2_TURNIN_01.mp3
DLG_ELDRAN_MISSION2_TURNIN_02,Eldran,Rafael - Expressive and Theatrical,,"[whispers] Y a Victoria, ni una palabra, ¿eh?","estab 34, simil 71, velocidad 0.92, Eleven v4",1,3.0,ok,,audio/3_Eldran_y_la_caja/DLG_ELDRAN_MISSION2_TURNIN_02.mp3
DLG_ELDRAN_MISSION2_TURNIN_03,Eldran,Rafael - Expressive and Theatrical,,"Toma, unas monedas por tu ayuda.","estab 34, simil 71, velocidad 0.92, Eleven v4",1,2.51,ok,,audio/3_Eldran_y_la_caja/DLG_ELDRAN_MISSION2_TURNIN_03.mp3
PROLOGO_MANANA_INTRO,Archimago,"32_20_Luis - Polished, Mature and Credible",,"[excited] ¡Buenos días, valle! [laughs] ¿Qué se te ha estropeado hoy?","estab 50, simil 75, velocidad 0.97, Eleven v4",1,3.81,ok,Rehecho 2 oct: saludo con mucho ánimo y energía (feedback prólogo),audio/1_Prologo/PROLOGO_MANANA_INTRO.mp3
HOOK_DISCUSION_04,Will,"Will - candidata 2 (diseñada, 5 oct 2026)",,[sighs] Ya están otra vez… Voy a ver qué pasa.,"estab 50, simil 75, velocidad 1.00, Eleven v4",1,4.05,ok,Redoblada con la voz nueva (5 oct). Toma 2 en audio/tomas_will_oliver_2026-10-05/.,audio/2_Manana_de_Will/HOOK_DISCUSION_04.mp3
PROLOGO_BAILE,Archimago,"34_10_Luis - Polished, Mature and Credible",,[cheerfully] ¡Me encanta vuestro baile!,"estab 50, simil 75, velocidad 0.97, Eleven v4",1,2.06,ok,Frase nueva 2 oct: animando a los bailarines (feedback prólogo),audio/1_Prologo/PROLOGO_BAILE.mp3
PROLOGO_PLAZA_LIORA_1,Liora,Sara Martin - Gentle and Layered,,¿Has pensado qué contestar a la academia? Llevas semanas con la carta.,"estab 55, simil 18, velocidad 0.93, Eleven v4",1,4.36,ok,,audio/1_Prologo/PROLOGO_PLAZA_LIORA_1.mp3
PROLOGO_DESPEDIDA_LIORA_1,Liora,Sara Martin - Gentle and Layered,,¿Quién es? ¿Qué quiere?,"estab 55, simil 18, velocidad 0.93, Eleven v4",1,1.88,ok,,audio/1_Prologo/PROLOGO_DESPEDIDA_LIORA_1.mp3
PROLOGO_PLAZA_LIORA_2,Liora,Sara Martin - Gentle and Layered,,No tienes que quedarte solo porque aquí te necesiten. ¿Qué quieres hacer tú?,"estab 55, simil 18, velocidad 0.93, Eleven v4",1,4.68,ok,,audio/1_Prologo/PROLOGO_PLAZA_LIORA_2.mp3
WILL_GREETING_OLIVER_CUT_OFF,Will,"Will - candidata 2 (diseñada, 5 oct 2026)",,"[chuckles] ¡Ja, sigues igual! ¿Por qué discuten Eldran y Victoria? Se les oye desde aquí.","estab 50, simil 75, velocidad 1.00, Eleven v4",1,5.80,ok,Redoblada con la voz nueva (5 oct). Toma 2 en audio/tomas_will_oliver_2026-10-05/.,audio/2_Manana_de_Will/WILL_GREETING_OLIVER_CUT_OFF.mp3
WILL_GREETING_PERAS_HANDOFF,Will,"Will - candidata 2 (diseñada, 5 oct 2026)",,[happily] Vamos.,"estab 50, simil 75, velocidad 1.00, Eleven v4",1,1.15,ok,Redoblada con la voz nueva (5 oct). Toma 2 en audio/tomas_will_oliver_2026-10-05/.,audio/2_Manana_de_Will/WILL_GREETING_PERAS_HANDOFF.mp3
NIGHTMARE_AGAIN,Will,"Will - candidata 2 (diseñada, 5 oct 2026)",,[sighs] [tired] Otra vez esa pesadilla...,"estab 50, simil 75, velocidad 1.00, Eleven v4",1,3.00,ok,Sin susurro: a Raúl le sonaba a secreto. Suspiro cansado de recién despertado.,audio/2_Manana_de_Will/NIGHTMARE_AGAIN.mp3
DLG_ELDRAN_CHARLA_VICTORIA_01,Will,"Will - candidata 2 (diseñada, 5 oct 2026)",,[curious] ¿Y la otra caja?,"estab 50, simil 75, velocidad 1.00, Eleven v4",1,1.49,ok,Redoblada con la voz nueva (5 oct). Toma 2 en audio/tomas_will_oliver_2026-10-05/.,audio/3_Eldran_y_la_caja/DLG_ELDRAN_CHARLA_VICTORIA_01.mp3
DLG_ELDRAN_CHARLA_ESTRELLA_02,Will,"Will - candidata 2 (diseñada, 5 oct 2026)",,[chuckles] En una estrella de madera. Algo torcida.,"estab 50, simil 75, velocidad 1.00, Eleven v4",1,4.05,ok,Redoblada con la voz nueva (5 oct). Toma 2 en audio/tomas_will_oliver_2026-10-05/.,audio/3_Eldran_y_la_caja/DLG_ELDRAN_CHARLA_ESTRELLA_02.mp3
DLG_ELDRAN_CAJA_03,Will,"Will - candidata 2 (diseñada, 5 oct 2026)",,[happily] Claro. ¿Dónde la busco?,"estab 50, simil 75, velocidad 1.00, Eleven v4",1,1.96,ok,Redoblada con la voz nueva (5 oct). Toma 2 en audio/tomas_will_oliver_2026-10-05/.,audio/3_Eldran_y_la_caja/DLG_ELDRAN_CAJA_03.mp3
EVT_AWAKEN_02,Will,"Will - candidata 2 (diseñada, 5 oct 2026)",,[gasps] ¡...!,"estab 50, simil 75, velocidad 1.00, Eleven v4",1,1.41,ok,Redoblada con la voz nueva (5 oct). Toma 2 en audio/tomas_will_oliver_2026-10-05/.,audio/4_Despertar_de_la_Estrella/EVT_AWAKEN_02.mp3
EVT_AWAKEN_03,Will,"Will - candidata 2 (diseñada, 5 oct 2026)",,[screams] ¡NOOO!,"estab 50, simil 75, velocidad 1.00, Eleven v4",1,1.57,ok,Redoblada con la voz nueva (5 oct). Toma 2 en audio/tomas_will_oliver_2026-10-05/.,audio/4_Despertar_de_la_Estrella/EVT_AWAKEN_03.mp3
EVT_AWAKEN_05,Will,"Will - candidata 2 (diseñada, 5 oct 2026)",,[worried] ¿Qué... qué acabo de hacer?,"estab 50, simil 75, velocidad 1.00, Eleven v4",1,2.35,ok,Redoblada con la voz nueva (5 oct). Toma 2 en audio/tomas_will_oliver_2026-10-05/.,audio/4_Despertar_de_la_Estrella/EVT_AWAKEN_05.mp3
OLIVER_GREETING_SPOT_WILL,Oliver,"Oliver - candidata 3 (diseñada, 5 oct 2026)",,[shouts] ¡Will! ¡Espera!,"estab 50, simil 75, velocidad 1.00, Eleven v4",1,2.51,ok,Redoblada con la voz nueva (5 oct). Toma 2 en audio/tomas_will_oliver_2026-10-05/.,audio/2_Manana_de_Will/OLIVER_GREETING_SPOT_WILL.mp3
OLIVER_GREETING_NEW_SPELL_INTRO,Oliver,"Oliver - candidata 3 (diseñada, 5 oct 2026)",,[excited] He aprendido un hechizo nuevo. Mira.,"estab 50, simil 75, velocidad 1.00, Eleven v4",1,2.51,ok,Redoblada con la voz nueva (5 oct). Toma 2 en audio/tomas_will_oliver_2026-10-05/.,audio/2_Manana_de_Will/OLIVER_GREETING_NEW_SPELL_INTRO.mp3
OLIVER_GREETING_OUT_OF_BREATH,Oliver,"Oliver - candidata 3 (diseñada, 5 oct 2026)",,[panting] Espera un momento... Necesito recuperar el aliento.,"estab 50, simil 75, velocidad 1.00, Eleven v4",1,4.44,ok,Redoblada con la voz nueva (5 oct). Toma 2 en audio/tomas_will_oliver_2026-10-05/.,audio/2_Manana_de_Will/OLIVER_GREETING_OUT_OF_BREATH.mp3
OLIVER_GREETING_BEFORE_MENUS_HANDOFF,Oliver,"Oliver - candidata 3 (diseñada, 5 oct 2026)",,"[curious] ¿Siguen discutiendo? Llevan así un buen rato... Antes de ir a ver qué pasa, quería enseñarte algo.","estab 50, simil 75, velocidad 1.00, Eleven v4",1,6.35,ok,Redoblada con la voz nueva (5 oct). Toma 2 en audio/tomas_will_oliver_2026-10-05/.,audio/2_Manana_de_Will/OLIVER_GREETING_BEFORE_MENUS_HANDOFF.mp3
OLIVER_GREETING_PERAS_HANDOFF,Oliver,"Oliver - candidata 3 (diseñada, 5 oct 2026)",,[happily] Pues vamos a ver qué pasa.,"estab 50, simil 75, velocidad 1.00, Eleven v4",1,1.88,ok,Redoblada con la voz nueva (5 oct). Toma 2 en audio/tomas_will_oliver_2026-10-05/.,audio/2_Manana_de_Will/OLIVER_GREETING_PERAS_HANDOFF.mp3
PERAS_OLIVER_VOY,Oliver,"Oliver - candidata 3 (diseñada, 5 oct 2026)",,[cheerfully] ¿Os echo una mano?,"estab 50, simil 75, velocidad 1.00, Eleven v4",1,1.31,ok,Redoblada con la voz nueva (5 oct). Toma 2 en audio/tomas_will_oliver_2026-10-05/.,audio/2_Manana_de_Will/PERAS_OLIVER_VOY.mp3
DLG_ELDRAN_CHARLA_VICTORIA_03,Oliver,"Oliver - candidata 3 (diseñada, 5 oct 2026)",,[chuckles] Victoria no te va a dejar olvidarlo.,"estab 50, simil 75, velocidad 1.00, Eleven v4, idioma Español",1,3.08,ok,"Redoblada con la voz nueva (5 oct). Una sola toma, idioma forzado a español.",audio/3_Eldran_y_la_caja/DLG_ELDRAN_CHARLA_VICTORIA_03.mp3
HOOK_DISCUSION_02,Victoria,Cristina - Empathetic Customer support,,"[annoyed] ¿Y dónde las pongo? Solo hay una caja, Eldran.","estab 50, simil 75, velocidad 1.00, Eleven v4",1,3.32,ok,,audio/2_Manana_de_Will/HOOK_DISCUSION_02.mp3
PERAS_02,Victoria,Cristina - Empathetic Customer support,,"[firmly] Mira: manzanas abajo, peras arriba. Ni un golpe.","estab 50, simil 75, velocidad 1.00, Eleven v4",1,4.05,ok,,audio/2_Manana_de_Will/PERAS_02.mp3
PERAS_04,Victoria,Cristina - Empathetic Customer support,,"[chuckles] Tú sabrás dónde dejaste la otra caja. Anda, saluda a Will.","estab 50, simil 75, velocidad 1.00, Eleven v4",1,4.6,ok,,audio/2_Manana_de_Will/PERAS_04.mp3
PERAS_VICTORIA_QUEDATE,Victoria,Cristina - Empathetic Customer support,,"[warmly] Sí, por favor. Ayúdame a colocar la fruta antes de que os vayáis.","estab 50, simil 75, velocidad 1.00, Eleven v4",1,4.13,ok,,audio/2_Manana_de_Will/PERAS_VICTORIA_QUEDATE.mp3
PROLOGO_MANANA_GLOBO_OK,Archimago,"Luis - Polished, Mature and Credible",,[calmly] Con cuidado... Eso es.,"estab 50, simil 75, velocidad 0.97, Eleven v4",1,2.59,ok,,audio/1_Prologo/PROLOGO_MANANA_GLOBO_OK.mp3
PROLOGO_MANANA_GLOBO_ROTO,Archimago,"43_40_Luis - Polished, Mature and Credible",,"[chuckles] ¡Ups! Lo siento, se me ha escapado.","estab 50, simil 75, velocidad 0.97, Eleven v4",1,4.0,ok,Rehecho 2 oct: disculpa por el globo que se escapa (feedback prólogo),audio/1_Prologo/PROLOGO_MANANA_GLOBO_ROTO.mp3
PROLOGO_PLAZA_ARCHIMAGO,Archimago,"Luis - Polished, Mature and Credible",,[sighs] Hoy pensaba contestar. Pero siempre acaba surgiendo algo en el valle.,"estab 50, simil 75, velocidad 0.97, Eleven v4",1,5.72,ok,,audio/1_Prologo/PROLOGO_PLAZA_ARCHIMAGO.mp3
PROLOGO_DESPEDIDA_ARCHIMAGO_1,Archimago,"Luis - Polished, Mature and Credible",,"[urgently] No lo sé. Llévatelos al puente, deprisa.","estab 50, simil 75, velocidad 0.97, Eleven v4",1,3.0,ok,,audio/1_Prologo/PROLOGO_DESPEDIDA_ARCHIMAGO_1.mp3
PROLOGO_HORA_ARCHIMAGO,Archimago,"Luis - Polished, Mature and Credible",,"[shouts] ¡Al puente! ¡Todos, ahora!","estab 50, simil 75, velocidad 0.97, Eleven v4",1,2.69,ok,,audio/1_Prologo/PROLOGO_HORA_ARCHIMAGO.mp3
PROLOGO_DESPEDIDA_ARCHIMAGO,Archimago,"Luis - Polished, Mature and Credible",,[firmly] Ve. Yo me encargo de él.,"estab 50, simil 75, velocidad 0.97, Eleven v4",1,2.19,ok,,audio/1_Prologo/PROLOGO_DESPEDIDA_ARCHIMAGO.mp3
PROLOGO_DUELO_ARCHIMAGO,Archimago,"Luis - Polished, Mature and Credible",,"[determined] Mientras siga en pie, no llegarás a ellos.","estab 50, simil 75, velocidad 0.97, Eleven v4",1,3.24,ok,,audio/1_Prologo/PROLOGO_DUELO_ARCHIMAGO.mp3
PROLOGO_HECHIZO_PLEGARIA,Archimago,"45_58_Luis - Polished, Mature and Credible",,"[solemnly] Luz primera, que despertaste las estrellas... escucha mi voz. [shouts] ¡Por cada hogar de este valle, rompe tu silencio y préstame tu fuego!","estab 50, simil 75, velocidad 0.97, Eleven v4",1,11.42,retirada,Rehecho 2 oct: invocación épica sin mención a Liora (feedback prólogo),audio/Versiones antiguas/PROLOGO_HECHIZO_PLEGARIA_antes_INC-567.mp3
PROLOGO_HECHIZO,Archimago,"47_33_Luis - Polished, Mature and Credible",,[shouts] ¡Protégelos a todooooooooooooos!!!,"estab 50, simil 75, velocidad 0.97, Eleven v4",1,2.8,sustituida,"Rehecho 2 oct: frase unida (antes HECHIZO_1 + HECHIZO), grito prolongado (feedback prólogo)",audio/Versiones antiguas/PROLOGO_HECHIZO_antes_INC-567.mp3
PROLOGO_HECHIZO_1,Archimago,"Luis - Polished, Mature and Credible",,[shouts] ¡Protégelos...!,"estab 50, simil 75, velocidad 0.97, Eleven v4",1,1.41,retirada,Fusionada con PROLOGO_HECHIZO el 2 oct (frase unida). Audio en Versiones antiguas.,
PROLOGO_DESPEDIDA_LIORA_2,Liora,Sara Martin - Gentle and Layered,,[gently] ¿Y tú?,"estab 55, simil 18, velocidad 0.93, Eleven v4",1,0.91,ok,,audio/1_Prologo/PROLOGO_DESPEDIDA_LIORA_2.mp3
PROLOGO_DESPEDIDA_LIORA,Liora,Sara Martin - Gentle and Layered,,[warmly] Vuelve pronto.,"estab 55, simil 18, velocidad 0.93, Eleven v4",1,1.49,ok,,audio/1_Prologo/PROLOGO_DESPEDIDA_LIORA.mp3
PROLOGO_DESPEDIDA_ELEGIR,Liora,Sara Martin - Gentle and Layered,,"[warmly] Y cuando vuelvas, nada de encargos. Te toca descansar.","estab 55, simil 18, velocidad 0.93, Eleven v4",1,4.21,ok,,audio/1_Prologo/PROLOGO_DESPEDIDA_ELEGIR.mp3
PROLOGO_EVACUACION_LIORA,Liora,Sara Martin - Gentle and Layered,,"[shouts] ¡Al puente, todos! ¡Deprisa, no miréis atrás!","estab 55, simil 18, velocidad 0.93, Eleven v4",1,3.87,ok,,audio/1_Prologo/PROLOGO_EVACUACION_LIORA.mp3
PROLOGO_DUELO_MAGO,Mago Oscuro,"Victor - Deep, Malevolent and Ancient",,[menacingly] ¿Vas a salvarlos a todos tú solo?,"estab 50, simil 75, velocidad 1.00, Eleven v4",1,3.0,ok,,audio/1_Prologo/PROLOGO_DUELO_MAGO.mp3
PROLOGO_DUELO_MAGO_2,Mago Oscuro,"Victor - Deep, Malevolent and Ancient",,[sinister] Ni a ti mismo puedes salvarte.,"estab 50, simil 75, velocidad 1.00, Eleven v4",1,3.16,ok,,audio/1_Prologo/PROLOGO_DUELO_MAGO_2.mp3
PROLOGO_FAVOR_GLOBO,Nina,Sara Martin  - Young and Reflective,,[worried] ¡Maestro! El globo se ha enganchado en lo alto del campanario.,"estab 50, simil 50, velocidad 0.92, Eleven v4",1,4.21,ok,,audio/1_Prologo/PROLOGO_FAVOR_GLOBO.mp3
PROLOGO_FAVOR_CARRETA,Vecino,46_34_Julio,,[sighs] ¡Maestro! [sadly] Se me ha volcado otra vez la carreta... y eso que hoy iba despacio.,"estab 65, simil 75, velocidad 0.70, Eleven v4",1,5.96,ok,Rehecho 2 oct: queja triste y con más vida (feedback prólogo); acelerado x1.25/1.2 (voz Julio lenta),audio/1_Prologo/PROLOGO_FAVOR_CARRETA.mp3
PROLOGO_CARRETA_GRACIAS,Vecino,47_59_Julio,,"[happily] ¡Gracias, maestro! No habría podido enderezarla yo solo.","estab 65, simil 75, velocidad 0.70, Eleven v4",1,3.27,ok,Rehecho 2 oct: más alegre y viva; acelerado x1.2 porque la voz Julio es lenta,audio/1_Prologo/PROLOGO_CARRETA_GRACIAS.mp3
PROLOGO_BAILE_RESPUESTA,Vecino,50_14_Julio,,"[cheerfully] ¡Gracias, maestro! ¡Seguiremos bailando!","estab 65, simil 75, velocidad 0.70, Eleven v4",1,2.48,ok,Frase nueva 2 oct (responde a 'Me encanta vuestro baile'); acelerado x1.2 porque la voz Julio es lenta,audio/1_Prologo/PROLOGO_BAILE_RESPUESTA.mp3
PROLOGO_GLOBO_VECINO_2,Vecino,51_24_Julio,,[excited] ¡Mira cómo sube!,"estab 65, simil 75, velocidad 0.70, Eleven v4",1,1.36,ok,Rehecho 2 oct: más energía; acelerado x1.2 porque la voz Julio es lenta,audio/1_Prologo/PROLOGO_GLOBO_VECINO_2.mp3
PROLOGO_GLOBO_VECINO_3,Vecino,52_48_Julio,,[excited] ¡Va a llegar hasta las nubes!,"estab 65, simil 75, velocidad 0.70, Eleven v4",1,1.88,ok,Rehecho 2 oct: más energía; acelerado x1.2 porque la voz Julio es lenta,audio/1_Prologo/PROLOGO_GLOBO_VECINO_3.mp3
PROLOGO_GLOBO_VECINO_1,Vecina,55_31_Cristina - Casual conversation,,"[excited] ¡Hala, ya vuela!","estab 50, simil 75, velocidad 1.00, Eleven v4",1,1.91,ok,Rehecho 2 oct: más energía (Cristina Casual),audio/1_Prologo/PROLOGO_GLOBO_VECINO_1.mp3
PROLOGO_MAGO_VALLE,Mago Oscuro,"Victor - Deep, Malevolent and Ancient",,[calmly] [sinister] Que este valle no haya existido nunca.,"estab 50, simil 75, velocidad 1.00, Eleven v4",1,3.32,revisar,"toma por defecto, sin escuchar: Raúl decide",audio/1_Prologo/PROLOGO_MAGO_VALLE.mp3
PROLOGO_MAGO_VALLE,Mago Oscuro,"Victor - Deep, Malevolent and Ancient",,[calmly] [sinister] Que este valle no haya existido nunca.,"estab 50, simil 75, velocidad 1.00, Eleven v4",2,4.21,alternativa,,audio/1_Prologo/tomas_plegaria/PROLOGO_MAGO_VALLE_toma2.mp3
PROLOGO_PLEGARIA_01,Archimago,"Luis - Polished, Mature and Credible",,[voice breaking] No... No voy a dejar que los toques. [shouting] ¡Liora! ¡Nina! ¡Todos vosotros!,"estab 50, simil 75, velocidad 0.97, Eleven v4",1,6.77,revisar,"toma por defecto, sin escuchar: Raúl decide",audio/1_Prologo/PROLOGO_PLEGARIA_01.mp3
PROLOGO_PLEGARIA_01,Archimago,"Luis - Polished, Mature and Credible",,[voice breaking] No... No voy a dejar que los toques. [shouting] ¡Liora! ¡Nina! ¡Todos vosotros!,"estab 50, simil 75, velocidad 0.97, Eleven v4",2,5.88,alternativa,,audio/1_Prologo/tomas_plegaria/PROLOGO_PLEGARIA_01_toma2.mp3
PROLOGO_PLEGARIA_02,Archimago,"Luis - Polished, Mature and Credible",,[crying] [whispers] Luz primera... tú que ardías antes de que hubiera cielo... tú que encendiste las estrellas y tendiste caminos entre ellas cuando aún no había nadie para recorrerlos...,"estab 50, simil 75, velocidad 0.97, Eleven v4",1,11.47,revisar,"toma por defecto, sin escuchar: Raúl decide",audio/1_Prologo/PROLOGO_PLEGARIA_02.mp3
PROLOGO_PLEGARIA_02,Archimago,"Luis - Polished, Mature and Credible",,[crying] [whispers] Luz primera... tú que ardías antes de que hubiera cielo... tú que encendiste las estrellas y tendiste caminos entre ellas cuando aún no había nadie para recorrerlos...,"estab 50, simil 75, velocidad 0.97, Eleven v4",2,14.11,alternativa,,audio/1_Prologo/tomas_plegaria/PROLOGO_PLEGARIA_02_toma2.mp3
PROLOGO_PLEGARIA_03,Archimago,"Luis - Polished, Mature and Credible",,[desperate] No conozco ningún hechizo capaz de pararlo... Así que no te pido uno que exista. Nada arde sin ti... [crying] Te lo ruego... [shouting] ¡préstame tu fuego!,"estab 50, simil 75, velocidad 0.97, Eleven v4",1,11.55,revisar,"toma por defecto, sin escuchar: Raúl decide",audio/1_Prologo/PROLOGO_PLEGARIA_03.mp3
PROLOGO_PLEGARIA_03,Archimago,"Luis - Polished, Mature and Credible",,[desperate] No conozco ningún hechizo capaz de pararlo... Así que no te pido uno que exista. Nada arde sin ti... [crying] Te lo ruego... [shouting] ¡préstame tu fuego!,"estab 50, simil 75, velocidad 0.97, Eleven v4",2,10.37,alternativa,,audio/1_Prologo/tomas_plegaria/PROLOGO_PLEGARIA_03_toma2.mp3
PROLOGO_PLEGARIA_04,Archimago,"Luis - Polished, Mature and Credible",,[desperate] Sé que de esto no se vuelve. Sé que nunca contestaré esa carta... [angry] ¡Me da igual lo que quede de mí!,"estab 50, simil 75, velocidad 0.97, Eleven v4",1,6.77,revisar,"toma por defecto, sin escuchar: Raúl decide",audio/1_Prologo/PROLOGO_PLEGARIA_04.mp3
PROLOGO_PLEGARIA_04,Archimago,"Luis - Polished, Mature and Credible",,[desperate] Sé que de esto no se vuelve. Sé que nunca contestaré esa carta... [angry] ¡Me da igual lo que quede de mí!,"estab 50, simil 75, velocidad 0.97, Eleven v4",2,6.61,alternativa,,audio/1_Prologo/tomas_plegaria/PROLOGO_PLEGARIA_04_toma2.mp3
PROLOGO_PLEGARIA_05,Archimago,"Luis - Polished, Mature and Credible",,"[crying] [shouting] ¡Toma mis años! ¡Toma mi voz, mi nombre! ¡Llévate mi alma si la quieres! ¡Pero que ellos vean amanecer!","estab 50, simil 75, velocidad 0.97, Eleven v4",1,9.4,revisar,"toma por defecto, sin escuchar: Raúl decide",audio/1_Prologo/PROLOGO_PLEGARIA_05.mp3
PROLOGO_PLEGARIA_05,Archimago,"Luis - Polished, Mature and Credible",,"[crying] [shouting] ¡Toma mis años! ¡Toma mi voz, mi nombre! ¡Llévate mi alma si la quieres! ¡Pero que ellos vean amanecer!","estab 50, simil 75, velocidad 0.97, Eleven v4",2,8.28,alternativa,,audio/1_Prologo/tomas_plegaria/PROLOGO_PLEGARIA_05_toma2.mp3
PROLOGO_PLEGARIA_06,Archimago,"Luis - Polished, Mature and Credible",,"[sad] [whispers] Perdóname, Liora... no voy a volver pronto.","estab 50, simil 75, velocidad 0.97, Eleven v4",1,3.63,revisar,"toma por defecto, sin escuchar: Raúl decide",audio/1_Prologo/PROLOGO_PLEGARIA_06.mp3
PROLOGO_PLEGARIA_06,Archimago,"Luis - Polished, Mature and Credible",,"[sad] [whispers] Perdóname, Liora... no voy a volver pronto.","estab 50, simil 75, velocidad 0.97, Eleven v4",2,3.97,alternativa,,audio/1_Prologo/tomas_plegaria/PROLOGO_PLEGARIA_06_toma2.mp3
PROLOGO_HECHIZO,Archimago,"Luis - Polished, Mature and Credible",,[crying] [shouting] ¡Protégelos... a todos!,"estab 50, simil 75, velocidad 0.97, Eleven v4",1,3.79,revisar,"toma por defecto, sin escuchar: Raúl decide",audio/1_Prologo/PROLOGO_HECHIZO.mp3
PROLOGO_HECHIZO,Archimago,"Luis - Polished, Mature and Credible",,[crying] [shouting] ¡Protégelos... a todos!,"estab 50, simil 75, velocidad 0.97, Eleven v4",2,3.08,alternativa,,audio/1_Prologo/tomas_plegaria/PROLOGO_HECHIZO_toma2.mp3
PROLOGO_HECHIZO,Archimago,"Luis - Polished, Mature and Credible",,"[shouts] ¡Protégelos a todos! (grito largo sostenido, prompt exacto en el historial de ElevenLabs)","estab 50, simil 75, velocidad 0.97, Eleven v4",1,4.52,elegida,"3 oct (INC-572): sustituye a la toma de 3,79 s, que apenas se oía en el clímax. Normalizada a unos -13 dB de media. Anterior en Versiones antiguas/Voices/es/PROLOGO_HECHIZO_antes_grito_largo.mp3",audio/1_Prologo/tomas_climax/PROLOGO_HECHIZO_toma1.mp3
PROLOGO_HECHIZO,Archimago,"Luis - Polished, Mature and Credible",,[shouts] ¡Protégelos a todos! (grito largo sostenido),"estab 50, simil 75, velocidad 0.97, Eleven v4",2,3.97,alternativa,3 oct (INC-572),audio/1_Prologo/tomas_climax/PROLOGO_HECHIZO_toma2.mp3
PROLOGO_MAGO_GRITO,Mago Oscuro,,,Grito de esfuerzo estilo anime al intentar lanzar el agujero negro (sin palabras),Eleven v4,1,2.69,elegida,3 oct (INC-572): se reproduce como SFX (SFX_Prologo_GritoMago) a la vez que el grito del Archimago; el canal de voz solo admite una línea. Volumen +4 dB con limitador. En juego: Assets/Audio/SFX_Prologo/Voz_MagoOscuro_Grito.mp3,audio/1_Prologo/tomas_climax/PROLOGO_MAGO_GRITO_toma1.mp3
PROLOGO_MAGO_GRITO,Mago Oscuro,,,Grito de esfuerzo estilo anime (sin palabras),Eleven v4,2,2.93,alternativa,3 oct (INC-572),audio/1_Prologo/tomas_climax/PROLOGO_MAGO_GRITO_toma2.mp3
PROLOGO_PLEGARIA_01..06 / PROLOGO_MAGO_VALLE,Varios,,,,,,,nota,3 oct (INC-572): normalizadas a unos -16 LUFS para igualar volumen en el prólogo; los archivos de Assets/Resources/Voices/es son las versiones normalizadas,
PROLOGO_MANANA_SALUDO_1,Vecino,Julio,,[cheerfully] ¡Buenos días, maestro!,"ajustes guardados de Julio, Eleven v4",1,1.59,elegida,3 oct (INC-577): los vecinos devuelven el saludo al Archimago. Recortada y normalizada a -16 LUFS,audio/1_Prologo/PROLOGO_MANANA_SALUDO_1.mp3
PROLOGO_MANANA_SALUDO_2,Vecina,Cristina - Casual conversation,,[warmly] ¡Muy buenas, maestro!,"estab 50, simil 75, Eleven v4",1,1.38,elegida,3 oct (INC-577): segundo saludo de vuelta. Recortada y normalizada a -16 LUFS,audio/1_Prologo/PROLOGO_MANANA_SALUDO_2.mp3
PROLOGO_BAILE_INVITA,Vecino,Julio,,"[excited] ¡Eh, maestro, mira! ¡Únete a bailar con nosotros!","ajustes guardados de Julio, Eleven v4",1,3.0,elegida,3 oct (INC-577): el bailarín invita al Archimago. Recortada y normalizada a -16 LUFS,audio/1_Prologo/PROLOGO_BAILE_INVITA.mp3
PROLOGO_BAILE_NOCHE,Vecina,Cristina - Casual conversation,,[laughing] ¡Esta noche lo bailamos delante de todo el pueblo!,"estab 50, simil 75, Eleven v4",1,3.87,elegida,3 oct (INC-577): anuncian el baile de esta noche y se ríen. Recortada y normalizada a -16 LUFS,audio/1_Prologo/PROLOGO_BAILE_NOCHE.mp3
EVT_LIAM_CRYSTAL_01,Liam,"Pablo - Deep, Confident and Clear",,[softly] No ha huido.,"estab 50, simil 75, Eleven v4, idioma español",1,1.72,revisar,Texto nuevo de «Los planes de Liam» (Cap2); sin escuchar: Raúl decide,audio/7_Liam_planes/EVT_LIAM_CRYSTAL_01.mp3
EVT_LIAM_CRYSTAL_02,Liam,"Pablo - Deep, Confident and Clear",,[awe] Se ha quedado delante del demonio. Esta mañana ni sabía que tenía magia.,"estab 50, simil 75, Eleven v4, idioma español",1,6.27,revisar,Texto nuevo de «Los planes de Liam» (Cap2); sin escuchar: Raúl decide,audio/7_Liam_planes/EVT_LIAM_CRYSTAL_02.mp3
EVT_LIAM_CRYSTAL_03,Liam,"Pablo - Deep, Confident and Clear",,[whispers] Levántate…,"estab 50, simil 75, Eleven v4, idioma español",1,1.41,revisar,Texto nuevo de «Los planes de Liam» (Cap2); sin escuchar: Raúl decide,audio/7_Liam_planes/EVT_LIAM_CRYSTAL_03.mp3
EVT_LIAM_CRYSTAL_04,Liam,"Pablo - Deep, Confident and Clear",,[softly] Lo ha vencido.,"estab 50, simil 75, Eleven v4, idioma español",1,1.57,revisar,Texto nuevo de «Los planes de Liam» (Cap2); sin escuchar: Raúl decide,audio/7_Liam_planes/EVT_LIAM_CRYSTAL_04.mp3
EVT_LIAM_CRYSTAL_05,Liam,"Pablo - Deep, Confident and Clear",,Es él. Él puede abrir el camino.,"estab 50, simil 75, Eleven v4, idioma español",1,2.59,revisar,Texto nuevo de «Los planes de Liam» (Cap2); sin escuchar: Raúl decide,audio/7_Liam_planes/EVT_LIAM_CRYSTAL_05.mp3
EVT_LIAM_CRYSTAL_06,Liam,"Pablo - Deep, Confident and Clear",,[sad] Ojalá hubiera otra manera…,"estab 50, simil 75, Eleven v4, idioma español",1,2.35,revisar,Texto nuevo de «Los planes de Liam» (Cap2); sin escuchar: Raúl decide,audio/7_Liam_planes/EVT_LIAM_CRYSTAL_06.mp3
EVT_LIAM_CRYSTAL_07,Liam,"Pablo - Deep, Confident and Clear",,"[sorrowful] Resiste, Tobi. Ya casi lo tengo.","estab 50, simil 75, Eleven v4, idioma español",1,3.4,revisar,Texto nuevo de «Los planes de Liam» (Cap2); sin escuchar: Raúl decide,audio/7_Liam_planes/EVT_LIAM_CRYSTAL_07.mp3
EVT_MANANA_00,Will,Will - candidata 2 (diseñada),,[softly] Una llama pequeña. Solo la mecha…,"estab 50, simil 75, velocidad 1.00, Eleven v4, idioma español",1,3.0,revisar,La mañana después (Cap2); sin escuchar: Raúl decide,audio/8_Manana_despues/EVT_MANANA_00.mp3
EVT_MANANA_00,Will,Will - candidata 2 (diseñada),,[softly] Una llama pequeña. Solo la mecha…,"estab 50, simil 75, velocidad 1.00, Eleven v4, idioma español",2,2.93,alternativa,toma alternativa,audio/8_Manana_despues/tomas/EVT_MANANA_00_toma2.mp3
EVT_MANANA_02b,Will,Will - candidata 2 (diseñada),,[surprised] ¿Me lo has comprado tú?,"estab 50, simil 75, velocidad 1.00, Eleven v4, idioma español",1,1.65,revisar,La mañana después (Cap2); sin escuchar: Raúl decide,audio/8_Manana_despues/EVT_MANANA_02b.mp3
EVT_MANANA_02b,Will,Will - candidata 2 (diseñada),,[surprised] ¿Me lo has comprado tú?,"estab 50, simil 75, velocidad 1.00, Eleven v4, idioma español",2,1.72,alternativa,toma alternativa,audio/8_Manana_despues/tomas/EVT_MANANA_02b_toma2.mp3
EVT_MANANA_04a,Will,Will - candidata 2 (diseñada),,"[happily] Oye, ayer lo viste todo, ¿no?","estab 50, simil 75, velocidad 1.00, Eleven v4, idioma español",1,2.51,revisar,La mañana después (Cap2); sin escuchar: Raúl decide,audio/8_Manana_despues/EVT_MANANA_04a.mp3
EVT_MANANA_04a,Will,Will - candidata 2 (diseñada),,"[happily] Oye, ayer lo viste todo, ¿no?","estab 50, simil 75, velocidad 1.00, Eleven v4, idioma español",2,2.51,alternativa,toma alternativa,audio/8_Manana_despues/tomas/EVT_MANANA_04a_toma2.mp3
EVT_MANANA_04,Will,Will - candidata 2 (diseñada),,"[excited] Ya, pero cuando le lancé el fuego… ¡Era así de grande! No, más. ¡Así!","estab 50, simil 75, velocidad 1.00, Eleven v4, idioma español",1,5.72,revisar,La mañana después (Cap2); sin escuchar: Raúl decide,audio/8_Manana_despues/EVT_MANANA_04.mp3
EVT_MANANA_04,Will,Will - candidata 2 (diseñada),,"[excited] Ya, pero cuando le lancé el fuego… ¡Era así de grande! No, más. ¡Así!","estab 50, simil 75, velocidad 1.00, Eleven v4, idioma español",2,6.03,alternativa,toma alternativa,audio/8_Manana_despues/tomas/EVT_MANANA_04_toma2.mp3
EVT_MANANA_06,Will,Will - candidata 2 (diseñada),,[softly] ¿Siempre he podido hacer esto?,"estab 50, simil 75, velocidad 1.00, Eleven v4, idioma español",1,2.12,revisar,La mañana después (Cap2); sin escuchar: Raúl decide,audio/8_Manana_despues/EVT_MANANA_06.mp3
EVT_MANANA_06,Will,Will - candidata 2 (diseñada),,[softly] ¿Siempre he podido hacer esto?,"estab 50, simil 75, velocidad 1.00, Eleven v4, idioma español",2,2.12,alternativa,toma alternativa,audio/8_Manana_despues/tomas/EVT_MANANA_06_toma2.mp3
EVT_MANANA_11,Will,Will - candidata 2 (diseñada),,[curious] ¿Y tú? ¿Qué sabes tú de magia?,"estab 50, simil 75, velocidad 1.00, Eleven v4, idioma español",1,2.43,revisar,La mañana después (Cap2); sin escuchar: Raúl decide,audio/8_Manana_despues/EVT_MANANA_11.mp3
EVT_MANANA_11,Will,Will - candidata 2 (diseñada),,[curious] ¿Y tú? ¿Qué sabes tú de magia?,"estab 50, simil 75, velocidad 1.00, Eleven v4, idioma español",2,2.59,alternativa,toma alternativa,audio/8_Manana_despues/tomas/EVT_MANANA_11_toma2.mp3
EVT_MANANA_11c,Will,Will - candidata 2 (diseñada),,[firmly] No. Mil veces me has cambiado de tema.,"estab 50, simil 75, velocidad 1.00, Eleven v4, idioma español",1,3.0,revisar,La mañana después (Cap2); sin escuchar: Raúl decide,audio/8_Manana_despues/EVT_MANANA_11c.mp3
EVT_MANANA_11c,Will,Will - candidata 2 (diseñada),,[firmly] No. Mil veces me has cambiado de tema.,"estab 50, simil 75, velocidad 1.00, Eleven v4, idioma español",2,3.08,alternativa,toma alternativa,audio/8_Manana_despues/tomas/EVT_MANANA_11c_toma2.mp3
EVT_MANANA_14,Will,Will - candidata 2 (diseñada),,[curious] ¿Qué buscabais?,"estab 50, simil 75, velocidad 1.00, Eleven v4, idioma español",1,1.23,revisar,La mañana después (Cap2); sin escuchar: Raúl decide,audio/8_Manana_despues/EVT_MANANA_14.mp3
EVT_MANANA_14,Will,Will - candidata 2 (diseñada),,[curious] ¿Qué buscabais?,"estab 50, simil 75, velocidad 1.00, Eleven v4, idioma español",2,1.31,alternativa,toma alternativa,audio/8_Manana_despues/tomas/EVT_MANANA_14_toma2.mp3
EVT_MANANA_16,Will,Will - candidata 2 (diseñada),,[worried] ¿Y si aparece otro? La próxima vez puede que no sea yo quien esté en el bosque. Puede que sea un crío del pueblo.,"estab 50, simil 75, velocidad 1.00, Eleven v4, idioma español",1,6.35,revisar,La mañana después (Cap2); sin escuchar: Raúl decide,audio/8_Manana_despues/EVT_MANANA_16.mp3
EVT_MANANA_16,Will,Will - candidata 2 (diseñada),,[worried] ¿Y si aparece otro? La próxima vez puede que no sea yo quien esté en el bosque. Puede que sea un crío del pueblo.,"estab 50, simil 75, velocidad 1.00, Eleven v4, idioma español",2,6.69,alternativa,toma alternativa,audio/8_Manana_despues/tomas/EVT_MANANA_16_toma2.mp3
EVT_MANANA_20,Will,Will - candidata 2 (diseñada),,[curious] ¿Y según la otra mitad?,"estab 50, simil 75, velocidad 1.00, Eleven v4, idioma español",1,1.88,revisar,La mañana después (Cap2); sin escuchar: Raúl decide,audio/8_Manana_despues/EVT_MANANA_20.mp3
EVT_MANANA_20,Will,Will - candidata 2 (diseñada),,[curious] ¿Y según la otra mitad?,"estab 50, simil 75, velocidad 1.00, Eleven v4, idioma español",2,1.96,alternativa,toma alternativa,audio/8_Manana_despues/tomas/EVT_MANANA_20_toma2.mp3
EVT_MANANA_22,Will,Will - candidata 2 (diseñada),,[determined] Iré.,"estab 50, simil 75, velocidad 1.00, Eleven v4, idioma español",1,0.84,revisar,La mañana después (Cap2); sin escuchar: Raúl decide,audio/8_Manana_despues/EVT_MANANA_22.mp3
EVT_MANANA_22,Will,Will - candidata 2 (diseñada),,[determined] Iré.,"estab 50, simil 75, velocidad 1.00, Eleven v4, idioma español",2,0.91,alternativa,toma alternativa,audio/8_Manana_despues/tomas/EVT_MANANA_22_toma2.mp3
EVT_MANANA_01a,Eldran,Rafael - Expressive and Theatrical,,[impressed] Vaya. Ni una chispa de más.,"estab 34, simil 71, velocidad 0.92, Eleven v4, idioma español",1,3.63,revisar,La mañana después (Cap2); sin escuchar: Raúl decide,audio/8_Manana_despues/EVT_MANANA_01a.mp3
EVT_MANANA_01a,Eldran,Rafael - Expressive and Theatrical,,[impressed] Vaya. Ni una chispa de más.,"estab 34, simil 71, velocidad 0.92, Eleven v4, idioma español",2,3.4,alternativa,toma alternativa,audio/8_Manana_despues/tomas/EVT_MANANA_01a_toma2.mp3
EVT_MANANA_01b,Eldran,Rafael - Expressive and Theatrical,,[laughs] Prometedor… si lo que quieres es declararle la guerra a tu ropa.,"estab 34, simil 71, velocidad 0.92, Eleven v4, idioma español",1,5.25,revisar,La mañana después (Cap2); sin escuchar: Raúl decide,audio/8_Manana_despues/EVT_MANANA_01b.mp3
EVT_MANANA_01b,Eldran,Rafael - Expressive and Theatrical,,[laughs] Prometedor… si lo que quieres es declararle la guerra a tu ropa.,"estab 34, simil 71, velocidad 0.92, Eleven v4, idioma español",2,5.41,alternativa,toma alternativa,audio/8_Manana_despues/tomas/EVT_MANANA_01b_toma2.mp3
EVT_MANANA_03,Eldran,Rafael - Expressive and Theatrical,,[softly] Y perdona por lo del bosque. No debí mandarte solo.,"estab 34, simil 71, velocidad 0.92, Eleven v4, idioma español",1,3.79,revisar,La mañana después (Cap2); sin escuchar: Raúl decide,audio/8_Manana_despues/EVT_MANANA_03.mp3
EVT_MANANA_03,Eldran,Rafael - Expressive and Theatrical,,[softly] Y perdona por lo del bosque. No debí mandarte solo.,"estab 34, simil 71, velocidad 0.92, Eleven v4, idioma español",2,3.97,alternativa,toma alternativa,audio/8_Manana_despues/tomas/EVT_MANANA_03_toma2.mp3
EVT_MANANA_02,Eldran,Rafael - Expressive and Theatrical,,[playfully] Me lo ha dado la panadera. Para el mago del pueblo. Pero la idea de traértelo ha sido mía.,"estab 34, simil 71, velocidad 0.92, Eleven v4, idioma español",1,6.69,revisar,La mañana después (Cap2); sin escuchar: Raúl decide,audio/8_Manana_despues/EVT_MANANA_02.mp3
EVT_MANANA_02,Eldran,Rafael - Expressive and Theatrical,,[playfully] Me lo ha dado la panadera. Para el mago del pueblo. Pero la idea de traértelo ha sido mía.,"estab 34, simil 71, velocidad 0.92, Eleven v4, idioma español",2,6.77,alternativa,toma alternativa,audio/8_Manana_despues/tomas/EVT_MANANA_02_toma2.mp3
EVT_MANANA_04b,Eldran,Rafael - Expressive and Theatrical,,[happily] Claro. Si te estaba ayudando.,"estab 34, simil 71, velocidad 0.92, Eleven v4, idioma español",1,2.77,revisar,La mañana después (Cap2); sin escuchar: Raúl decide,audio/8_Manana_despues/EVT_MANANA_04b.mp3
EVT_MANANA_04b,Eldran,Rafael - Expressive and Theatrical,,[happily] Claro. Si te estaba ayudando.,"estab 34, simil 71, velocidad 0.92, Eleven v4, idioma español",2,2.85,alternativa,toma alternativa,audio/8_Manana_despues/tomas/EVT_MANANA_04b_toma2.mp3
EVT_MANANA_05,Eldran,Rafael - Expressive and Theatrical,,"[teasing] Anoche, cuando me lo contaste, era la mitad.","estab 34, simil 71, velocidad 0.92, Eleven v4, idioma español",1,3.63,revisar,La mañana después (Cap2); sin escuchar: Raúl decide,audio/8_Manana_despues/EVT_MANANA_05.mp3
EVT_MANANA_05,Eldran,Rafael - Expressive and Theatrical,,"[teasing] Anoche, cuando me lo contaste, era la mitad.","estab 34, simil 71, velocidad 0.92, Eleven v4, idioma español",2,3.63,alternativa,toma alternativa,audio/8_Manana_despues/tomas/EVT_MANANA_05_toma2.mp3
EVT_MANANA_07,Eldran,Rafael - Expressive and Theatrical,,[hesitant] No lo sé. Hay algo de la noche en que te encontré que nunca te he contado.,"estab 34, simil 71, velocidad 0.92, Eleven v4, idioma español",1,6.11,revisar,La mañana después (Cap2); sin escuchar: Raúl decide,audio/8_Manana_despues/EVT_MANANA_07.mp3
EVT_MANANA_07,Eldran,Rafael - Expressive and Theatrical,,[hesitant] No lo sé. Hay algo de la noche en que te encontré que nunca te he contado.,"estab 34, simil 71, velocidad 0.92, Eleven v4, idioma español",2,6.19,alternativa,toma alternativa,audio/8_Manana_despues/tomas/EVT_MANANA_07_toma2.mp3
EVT_MANANA_07b,Eldran,Rafael - Expressive and Theatrical,,"[softly] Ya sabes que te encontré en un carro volcado, junto al camino.","estab 34, simil 71, velocidad 0.92, Eleven v4, idioma español",1,4.28,revisar,La mañana después (Cap2); sin escuchar: Raúl decide,audio/8_Manana_despues/EVT_MANANA_07b.mp3
EVT_MANANA_07b,Eldran,Rafael - Expressive and Theatrical,,"[softly] Ya sabes que te encontré en un carro volcado, junto al camino.","estab 34, simil 71, velocidad 0.92, Eleven v4, idioma español",2,4.13,alternativa,toma alternativa,audio/8_Manana_despues/tomas/EVT_MANANA_07b_toma2.mp3
EVT_MANANA_08,Eldran,Rafael - Expressive and Theatrical,,[sad] Estaba todo tan oscuro que no se veía nada. Si os encontré fue porque había una luz.,"estab 34, simil 71, velocidad 0.92, Eleven v4, idioma español",1,7.24,revisar,La mañana después (Cap2); sin escuchar: Raúl decide,audio/8_Manana_despues/EVT_MANANA_08.mp3
EVT_MANANA_08,Eldran,Rafael - Expressive and Theatrical,,[sad] Estaba todo tan oscuro que no se veía nada. Si os encontré fue porque había una luz.,"estab 34, simil 71, velocidad 0.92, Eleven v4, idioma español",2,7.47,alternativa,toma alternativa,audio/8_Manana_despues/tomas/EVT_MANANA_08_toma2.mp3
EVT_MANANA_09,Eldran,Rafael - Expressive and Theatrical,,"[sad] La mujer que iba contigo tenía una llamita encendida entre los dedos, para que alguien os viera.","estab 34, simil 71, velocidad 0.92, Eleven v4, idioma español",1,6.92,revisar,La mañana después (Cap2); sin escuchar: Raúl decide,audio/8_Manana_despues/EVT_MANANA_09.mp3
EVT_MANANA_09,Eldran,Rafael - Expressive and Theatrical,,"[sad] La mujer que iba contigo tenía una llamita encendida entre los dedos, para que alguien os viera.","estab 34, simil 71, velocidad 0.92, Eleven v4, idioma español",2,6.92,alternativa,toma alternativa,audio/8_Manana_despues/tomas/EVT_MANANA_09_toma2.mp3
EVT_MANANA_09b,Eldran,Rafael - Expressive and Theatrical,,[sad] Todavía respiraba. Nunca supe quién era.,"estab 34, simil 71, velocidad 0.92, Eleven v4, idioma español",1,3.97,revisar,La mañana después (Cap2); sin escuchar: Raúl decide,audio/8_Manana_despues/EVT_MANANA_09b.mp3
EVT_MANANA_09b,Eldran,Rafael - Expressive and Theatrical,,[sad] Todavía respiraba. Nunca supe quién era.,"estab 34, simil 71, velocidad 0.92, Eleven v4, idioma español",2,4.13,alternativa,toma alternativa,audio/8_Manana_despues/tomas/EVT_MANANA_09b_toma2.mp3
EVT_MANANA_10,Eldran,Rafael - Expressive and Theatrical,,[sorrowful] Solo le dio tiempo a pedirme que no te dejara solo. Luego la llama se apagó.,"estab 34, simil 71, velocidad 0.92, Eleven v4, idioma español",1,5.72,revisar,La mañana después (Cap2); sin escuchar: Raúl decide,audio/8_Manana_despues/EVT_MANANA_10.mp3
EVT_MANANA_10,Eldran,Rafael - Expressive and Theatrical,,[sorrowful] Solo le dio tiempo a pedirme que no te dejara solo. Luego la llama se apagó.,"estab 34, simil 71, velocidad 0.92, Eleven v4, idioma español",2,5.56,alternativa,toma alternativa,audio/8_Manana_despues/tomas/EVT_MANANA_10_toma2.mp3
EVT_MANANA_10b,Eldran,Rafael - Expressive and Theatrical,,[whispers] Se lo prometí.,"estab 34, simil 71, velocidad 0.92, Eleven v4, idioma español",1,1.65,revisar,La mañana después (Cap2); sin escuchar: Raúl decide,audio/8_Manana_despues/EVT_MANANA_10b.mp3
EVT_MANANA_10b,Eldran,Rafael - Expressive and Theatrical,,[whispers] Se lo prometí.,"estab 34, simil 71, velocidad 0.92, Eleven v4, idioma español",2,1.65,alternativa,toma alternativa,audio/8_Manana_despues/tomas/EVT_MANANA_10b_toma2.mp3
EVT_MANANA_11b,Eldran,Rafael - Expressive and Theatrical,,[sighs] ¿Otra vez? Ya hemos hablado de eso mil veces.,"estab 34, simil 71, velocidad 0.92, Eleven v4, idioma español",1,4.83,revisar,La mañana después (Cap2); sin escuchar: Raúl decide,audio/8_Manana_despues/EVT_MANANA_11b.mp3
EVT_MANANA_11b,Eldran,Rafael - Expressive and Theatrical,,[sighs] ¿Otra vez? Ya hemos hablado de eso mil veces.,"estab 34, simil 71, velocidad 0.92, Eleven v4, idioma español",2,4.91,alternativa,toma alternativa,audio/8_Manana_despues/tomas/EVT_MANANA_11b_toma2.mp3
EVT_MANANA_12,Eldran,Rafael - Expressive and Theatrical,,[slowly] Hace cuarenta años me fui con unos amigos a buscar algo que no debíamos buscar.,"estab 34, simil 71, velocidad 0.92, Eleven v4, idioma español",1,6.92,revisar,La mañana después (Cap2); sin escuchar: Raúl decide,audio/8_Manana_despues/EVT_MANANA_12.mp3
EVT_MANANA_12,Eldran,Rafael - Expressive and Theatrical,,[slowly] Hace cuarenta años me fui con unos amigos a buscar algo que no debíamos buscar.,"estab 34, simil 71, velocidad 0.92, Eleven v4, idioma español",2,6.77,alternativa,toma alternativa,audio/8_Manana_despues/tomas/EVT_MANANA_12_toma2.mp3
EVT_MANANA_13,Eldran,Rafael - Expressive and Theatrical,,[sad] Volvimos todos menos una.,"estab 34, simil 71, velocidad 0.92, Eleven v4, idioma español",1,2.59,revisar,La mañana después (Cap2); sin escuchar: Raúl decide,audio/8_Manana_despues/EVT_MANANA_13.mp3
EVT_MANANA_13,Eldran,Rafael - Expressive and Theatrical,,[sad] Volvimos todos menos una.,"estab 34, simil 71, velocidad 0.92, Eleven v4, idioma español",2,2.69,alternativa,toma alternativa,audio/8_Manana_despues/tomas/EVT_MANANA_13_toma2.mp3
EVT_MANANA_15,Eldran,Rafael - Expressive and Theatrical,,[softly] Otro día.,"estab 34, simil 71, velocidad 0.92, Eleven v4, idioma español",1,1.31,revisar,La mañana después (Cap2); sin escuchar: Raúl decide,audio/8_Manana_despues/EVT_MANANA_15.mp3
EVT_MANANA_15,Eldran,Rafael - Expressive and Theatrical,,[softly] Otro día.,"estab 34, simil 71, velocidad 0.92, Eleven v4, idioma español",2,1.41,alternativa,toma alternativa,audio/8_Manana_despues/tomas/EVT_MANANA_15_toma2.mp3
EVT_MANANA_15b,Eldran,Rafael - Expressive and Theatrical,,[serious] Esto es lo que llevaba el demonio al cuello. Lo traje del bosque y lo guardé en sal.,"estab 34, simil 71, velocidad 0.92, Eleven v4, idioma español",1,5.96,revisar,La mañana después (Cap2); sin escuchar: Raúl decide,audio/8_Manana_despues/EVT_MANANA_15b.mp3
EVT_MANANA_15b,Eldran,Rafael - Expressive and Theatrical,,[serious] Esto es lo que llevaba el demonio al cuello. Lo traje del bosque y lo guardé en sal.,"estab 34, simil 71, velocidad 0.92, Eleven v4, idioma español",2,5.72,alternativa,toma alternativa,audio/8_Manana_despues/tomas/EVT_MANANA_15b_toma2.mp3
EVT_MANANA_17,Eldran,Rafael - Expressive and Theatrical,,"[serious] Por eso necesitas a alguien que sepa de verdad. Yo no puedo enseñarte, y aquí nadie sabe leer estas runas.","estab 34, simil 71, velocidad 0.92, Eleven v4, idioma español",1,7.81,revisar,La mañana después (Cap2); sin escuchar: Raúl decide,audio/8_Manana_despues/EVT_MANANA_17.mp3
EVT_MANANA_17,Eldran,Rafael - Expressive and Theatrical,,"[serious] Por eso necesitas a alguien que sepa de verdad. Yo no puedo enseñarte, y aquí nadie sabe leer estas runas.","estab 34, simil 71, velocidad 0.92, Eleven v4, idioma español",2,8.52,alternativa,toma alternativa,audio/8_Manana_despues/tomas/EVT_MANANA_17_toma2.mp3
EVT_MANANA_18,Eldran,Rafael - Expressive and Theatrical,,Hay una hechicera en el Bosque Prohibido. Se llama Estela.,"estab 34, simil 71, velocidad 0.92, Eleven v4, idioma español",1,4.75,revisar,La mañana después (Cap2); sin escuchar: Raúl decide,audio/8_Manana_despues/EVT_MANANA_18.mp3
EVT_MANANA_18,Eldran,Rafael - Expressive and Theatrical,,Hay una hechicera en el Bosque Prohibido. Se llama Estela.,"estab 34, simil 71, velocidad 0.92, Eleven v4, idioma español",2,4.68,alternativa,toma alternativa,audio/8_Manana_despues/tomas/EVT_MANANA_18_toma2.mp3
EVT_MANANA_19,Eldran,Rafael - Expressive and Theatrical,,"[playfully] Dicen que es muy poderosa y, según la mitad de las historias, imposible de soportar.","estab 34, simil 71, velocidad 0.92, Eleven v4, idioma español",1,6.61,revisar,La mañana después (Cap2); sin escuchar: Raúl decide,audio/8_Manana_despues/EVT_MANANA_19.mp3
EVT_MANANA_19,Eldran,Rafael - Expressive and Theatrical,,"[playfully] Dicen que es muy poderosa y, según la mitad de las historias, imposible de soportar.","estab 34, simil 71, velocidad 0.92, Eleven v4, idioma español",2,6.69,alternativa,toma alternativa,audio/8_Manana_despues/tomas/EVT_MANANA_19_toma2.mp3
EVT_MANANA_21,Eldran,Rafael - Expressive and Theatrical,,"[laughs] También. Pero si alguien puede enseñarte a no incendiarte cada vez que estornudas, es ella.","estab 34, simil 71, velocidad 0.92, Eleven v4, idioma español",1,7.81,revisar,La mañana después (Cap2); sin escuchar: Raúl decide,audio/8_Manana_despues/EVT_MANANA_21.mp3
EVT_MANANA_21,Eldran,Rafael - Expressive and Theatrical,,"[laughs] También. Pero si alguien puede enseñarte a no incendiarte cada vez que estornudas, es ella.","estab 34, simil 71, velocidad 0.92, Eleven v4, idioma español",2,7.89,alternativa,toma alternativa,audio/8_Manana_despues/tomas/EVT_MANANA_21_toma2.mp3
EVT_MANANA_23,Eldran,Rafael - Expressive and Theatrical,,"[warmly] Ya lo sé. Pero no así: primero, prepárate.","estab 34, simil 71, velocidad 0.92, Eleven v4, idioma español",1,4.75,revisar,La mañana después (Cap2); sin escuchar: Raúl decide,audio/8_Manana_despues/EVT_MANANA_23.mp3
EVT_MANANA_23,Eldran,Rafael - Expressive and Theatrical,,"[warmly] Ya lo sé. Pero no así: primero, prepárate.","estab 34, simil 71, velocidad 0.92, Eleven v4, idioma español",2,4.75,alternativa,toma alternativa,audio/8_Manana_despues/tomas/EVT_MANANA_23_toma2.mp3
EVT_MANANA_24,Eldran,Rafael - Expressive and Theatrical,,[warmly] Llévate un trozo del aro. Que ella lo vea.,"estab 34, simil 71, velocidad 0.92, Eleven v4, idioma español",1,3.16,revisar,La mañana después (Cap2); sin escuchar: Raúl decide,audio/8_Manana_despues/EVT_MANANA_24.mp3
EVT_MANANA_24,Eldran,Rafael - Expressive and Theatrical,,[warmly] Llévate un trozo del aro. Que ella lo vea.,"estab 34, simil 71, velocidad 0.92, Eleven v4, idioma español",2,3.16,alternativa,toma alternativa,audio/8_Manana_despues/tomas/EVT_MANANA_24_toma2.mp3
